species,generation,evolution stage,habitat,tier,map,table,time of day,rarity
RATTATA_ALOLA,1,0,night-spooky,PG,MAP_JAGGED_PASS,land,night,uncommon
SANDSHREW_ALOLA,1,0,cave,PG,MAP_METEOR_FALLS_1F_1R,land,any,uncommon
DIGLETT_ALOLA,1,0,cave,PG,MAP_METEOR_FALLS_B1F_1R,land,any,uncommon
MEOWTH_ALOLA,1,0,night-spooky,PG,MAP_METEOR_FALLS_B1F_2R,land,night,uncommon
MEOWTH_GALAR,1,0,cave,PG,MAP_METEOR_FALLS_STEVENS_CAVE,land,any,uncommon
GROWLITHE_HISUI,1,0,cave,PG,MAP_MT_PYRE_1F,land,any,uncommon
GEODUDE_ALOLA,1,0,cave,PG,MAP_MT_PYRE_2F,land,any,uncommon
DREEPY,8,0,night-spooky,PG,MAP_MT_PYRE_3F,land,night,uncommon
GRIMER_ALOLA,1,0,night-spooky,PG,MAP_MT_PYRE_4F,land,night,uncommon
DRATINI,1,0,dragon,PG,MAP_MT_PYRE_6F,land,any,uncommon
STUNFISK_GALAR,5,0,cave,PG,MAP_MT_PYRE_EXTERIOR,land,any,uncommon
WOOPER_PALDEA,2,0,cave,PG,MAP_MT_PYRE_EXTERIOR,land,any,uncommon
TYPHLOSION,2,2,volcanic,PG,MAP_MT_PYRE_SUMMIT,land,any,rare
PONYTA_GALAR,1,0,field,PG,MAP_ROUTE113,land,any,uncommon
SLOWPOKE_GALAR,1,0,field,PG,MAP_ROUTE115,land,any,uncommon
FARFETCHD_GALAR,1,0,field,PG,MAP_ROUTE117,land,any,uncommon
VOLTORB_HISUI,1,0,urban-electric,PG,MAP_ROUTE118,land,any,uncommon
SLAKING,3,2,field,PG,MAP_ROUTE122,land,any,rare
TOGEKISS,2,2,field,PG,MAP_ROUTE123,land,any,rare
BLISSEY,1,2,field,PG,MAP_ROUTE124,land,any,rare
ELECTIVIRE,1,2,urban-electric,PG,MAP_ROUTE125,land,any,rare
TAUROS_PALDEA_COMBAT,1,0,field,PG,MAP_ROUTE125,land,any,uncommon
CROBAT,1,2,field,PG,MAP_ROUTE126,land,any,rare
TAUROS_PALDEA_AQUA,1,0,water,PG,MAP_ROUTE126,water,any,uncommon
PORYGON_Z,1,2,field,PG,MAP_ROUTE127,land,any,rare
TYPHLOSION_HISUI,2,2,volcanic,PG,MAP_ROUTE128,land,any,rare
INFERNAPE,4,2,volcanic,PG,MAP_ROUTE129,land,any,rare
DELPHOX,6,2,volcanic,PG,MAP_ROUTE130,land,any,rare
SALAMENCE,3,2,dragon,PG,MAP_ROUTE130,land,any,rare
DRAGONITE,1,2,dragon,PG,MAP_ROUTE131,land,any,rare
SNEASEL_HISUI,2,0,field,PG,MAP_ROUTE131,land,any,uncommon
FERALIGATR,2,2,water,PG,MAP_ROUTE131,water,any,rare
BAXCALIBUR,9,2,ice,PG,MAP_ROUTE132,land,any,rare
SCEPTILE,3,2,forest,PG,MAP_ROUTE132,land,any,rare
BLAZIKEN,3,2,volcanic,PG,MAP_ROUTE133,land,any,rare
GOODRA,6,2,dragon,PG,MAP_ROUTE133,land,any,rare
KOMMO_O,7,2,dragon,PG,MAP_ROUTE134,land,any,rare
WALREIN,3,2,water,PG,MAP_ROUTE134,water,any,rare
GOOMY,6,0,dragon,PG,MAP_SAFARI_ZONE_EAST,land,any,uncommon
EMPOLEON,4,2,water,PG,MAP_SAFARI_ZONE_EAST,water,any,rare
CHESNAUGHT,6,2,forest,PG,MAP_SAFARI_ZONE_NORTH,land,any,rare
GRENINJA,6,2,water,PG,MAP_SAFARI_ZONE_NORTHWEST,water,any,rare
JANGMO_O,7,0,dragon,PG,MAP_SAFARI_ZONE_NORTH_FRLG,land,any,uncommon
BASCULEGION_M,5,1,water,PG,MAP_SAFARI_ZONE_NORTH_FRLG,water,any,rare
FRIGIBAX,9,0,ice,PG,MAP_SAFARI_ZONE_SOUTHEAST,land,any,uncommon
BAGON,3,0,dragon,PG,MAP_SAFARI_ZONE_WEST,land,any,uncommon
MAMOSWINE,2,2,cave,PG,MAP_SEAFLOOR_CAVERN_ENTRANCE,land,any,rare
AGGRON,3,2,cave,PG,MAP_SEAFLOOR_CAVERN_ROOM1,land,any,rare
METAGROSS,3,2,cave,PG,MAP_SEAFLOOR_CAVERN_ROOM2,land,any,rare
QWILFISH_HISUI,2,0,night-spooky,PG,MAP_SEAFLOOR_CAVERN_ROOM2,land,night,uncommon
HYDREIGON,5,2,night-spooky,PG,MAP_SEAFLOOR_CAVERN_ROOM3,land,night,rare
DRAGAPULT,8,2,night-spooky,PG,MAP_SEAFLOOR_CAVERN_ROOM4,land,night,rare
CORSOLA_GALAR,2,0,night-spooky,PG,MAP_SEAFLOOR_CAVERN_ROOM4,land,night,uncommon
GARCHOMP,4,2,cave,PG,MAP_SEAFLOOR_CAVERN_ROOM5,land,any,rare
GOODRA_HISUI,6,2,cave,PG,MAP_SEAFLOOR_CAVERN_ROOM6,land,any,rare
LARVITAR,2,0,cave,PG,MAP_SEAFLOOR_CAVERN_ROOM6,land,any,uncommon
KOMMO_O_TOTEM,7,2,dragon,PG,MAP_SEAFLOOR_CAVERN_ROOM7,land,any,rare
DEINO,5,0,night-spooky,PG,MAP_SEAFLOOR_CAVERN_ROOM7,land,night,uncommon
ZIGZAGOON_GALAR,3,0,night-spooky,PG,MAP_SEAFLOOR_CAVERN_ROOM7,land,night,uncommon
TYRANITAR,2,2,cave,PG,MAP_SEAFLOOR_CAVERN_ROOM8,land,any,rare
URSALUNA,2,2,cave,PG,MAP_SHOAL_CAVE_LOW_TIDE_ENTRANCE_ROOM,land,any,rare
KINGAMBIT,5,2,cave,PG,MAP_SHOAL_CAVE_LOW_TIDE_ICE_ROOM,land,any,rare
BELDUM,3,0,cave,PG,MAP_SHOAL_CAVE_LOW_TIDE_ICE_ROOM,land,any,uncommon
KINGDRA,1,2,water,PG,MAP_SHOAL_CAVE_LOW_TIDE_INNER_ROOM,water,any,rare
MAGMORTAR,1,2,volcanic,PG,MAP_SHOAL_CAVE_LOW_TIDE_LOWER_ROOM,land,any,rare
HAXORUS,5,2,dragon,PG,MAP_SHOAL_CAVE_LOW_TIDE_STAIRS_ROOM,land,any,rare
GIBLE,4,0,cave,PG,MAP_SHOAL_CAVE_LOW_TIDE_STAIRS_ROOM,land,any,uncommon
HYDRAPPLE,8,2,dragon,PG,MAP_VICTORY_ROAD_1F,land,any,rare
ANNIHILAPE,1,2,night-spooky,PG,MAP_VICTORY_ROAD_1F_FRLG,land,night,rare
MAGNEZONE,1,2,cave,PG,MAP_VICTORY_ROAD_2F,land,any,rare
RHYPERIOR,1,2,cave,PG,MAP_VICTORY_ROAD_3F,land,any,rare
YAMASK_GALAR,5,0,cave,PG,MAP_VICTORY_ROAD_3F,land,any,uncommon
VANILLUXE,5,2,ice,PG,MAP_VICTORY_ROAD_B1F,land,any,rare
ZORUA_HISUI,5,0,night-spooky,PG,MAP_VICTORY_ROAD_B1F,land,night,uncommon
SWAMPERT,3,2,water,PG,MAP_VICTORY_ROAD_B2F,water,any,rare
CATERPIE,1,0,forest,T1,MAP_PETALBURG_WOODS,land,any,common
GRUBBIN,7,0,forest,T1,MAP_PETALBURG_WOODS,land,any,common
HOOTHOOT,2,0,field,T1,MAP_PETALBURG_WOODS,land,night,common
LECHONK,9,0,field,T1,MAP_PETALBURG_WOODS,land,any,common
SEWADDLE,5,0,forest,T1,MAP_PETALBURG_WOODS,land,any,common
SHINX,4,0,urban-electric,T1,MAP_PETALBURG_WOODS,land,any,common
WURMPLE,3,0,forest,T1,MAP_PETALBURG_WOODS,land,any,common
BUNNELBY,6,0,field,T1,MAP_ROUTE101,land,any,common
LEDYBA,2,0,forest,T1,MAP_ROUTE101,land,morning,common
PATRAT,5,0,field,T1,MAP_ROUTE101,land,any,common
SKWOVET,8,0,field,T1,MAP_ROUTE101,land,any,common
TAILLOW,3,0,field,T1,MAP_ROUTE101,land,any,common
TAROUNTULA,9,0,forest,T1,MAP_ROUTE101,land,any,common
WEEDLE,1,0,forest,T1,MAP_ROUTE101,land,any,common
FLETCHLING,6,0,field,T1,MAP_ROUTE102,land,any,common
LILLIPUP,5,0,field,T1,MAP_ROUTE102,land,any,common
NYMBLE,9,0,forest,T1,MAP_ROUTE102,land,any,common
PIDGEY,1,0,field,T1,MAP_ROUTE102,land,any,common
ROOKIDEE,8,0,field,T1,MAP_ROUTE102,land,any,common
SPINARAK,2,0,forest,T1,MAP_ROUTE102,land,night,common
STARLY,4,0,field,T1,MAP_ROUTE102,land,any,common
BIDOOF,4,0,field,T1,MAP_ROUTE103,land,any,common
BLIPBUG,8,0,forest,T1,MAP_ROUTE103,land,any,common
PAWMI,9,0,urban-electric,T1,MAP_ROUTE103,land,any,common
PIKIPEK,7,0,field,T1,MAP_ROUTE103,land,any,common
POOCHYENA,3,0,night-spooky,T1,MAP_ROUTE103,land,night,common
PURRLOIN,5,0,night-spooky,T1,MAP_ROUTE103,land,night,common
RATTATA,1,0,field,T1,MAP_ROUTE103,land,any,common
KRICKETOT,4,0,forest,T1,MAP_ROUTE104,land,any,common
PIDOVE,5,0,field,T1,MAP_ROUTE104,land,any,common
SENTRET,2,0,field,T1,MAP_ROUTE104,land,any,common
WOOLOO,8,0,field,T1,MAP_ROUTE104,land,any,common
YUNGOOS,7,0,field,T1,MAP_ROUTE104,land,any,common
ZIGZAGOON,3,0,field,T1,MAP_ROUTE104,land,any,common
FIDOUGH,9,0,field,T1,MAP_ROUTE104,land,any,uncommon
BONSLY,2,0,cave,T2,MAP_GRANITE_CAVE_1F,land,any,common
GREAVARD,9,0,night-spooky,T2,MAP_GRANITE_CAVE_1F,land,night,common
IMPIDIMP,8,0,night-spooky,T2,MAP_GRANITE_CAVE_1F,land,night,common
KLINK,5,0,cave,T2,MAP_GRANITE_CAVE_1F,land,any,common
SANDSHREW,1,0,cave,T2,MAP_GRANITE_CAVE_1F,land,any,common
SHUPPET,3,0,night-spooky,T2,MAP_GRANITE_CAVE_1F,land,night,common
DIGLETT,1,0,cave,T2,MAP_GRANITE_CAVE_B1F,land,any,common
DUSKULL,3,0,night-spooky,T2,MAP_GRANITE_CAVE_B1F,land,night,common
GIMMIGHOUL_CHEST,9,0,night-spooky,T2,MAP_GRANITE_CAVE_B1F,land,night,common
INKAY,6,0,night-spooky,T2,MAP_GRANITE_CAVE_B1F,land,night,common
NACLI,9,0,cave,T2,MAP_GRANITE_CAVE_B1F,land,any,common
SWINUB,2,0,cave,T2,MAP_GRANITE_CAVE_B1F,land,any,common
BRAMBLIN,9,0,night-spooky,T2,MAP_GRANITE_CAVE_B2F,land,night,common
BRONZOR,4,0,cave,T2,MAP_GRANITE_CAVE_B2F,rock smash,any,common
GEODUDE,1,0,cave,T2,MAP_GRANITE_CAVE_B2F,rock smash,any,common
NINCADA,3,0,cave,T2,MAP_GRANITE_CAVE_B2F,rock smash,any,common
ROCKRUFF,7,0,cave,T2,MAP_GRANITE_CAVE_B2F,rock smash,any,common
GASTLY,1,0,night-spooky,T2,MAP_GRANITE_CAVE_STEVENS_ROOM,land,night,common
NICKIT,8,0,night-spooky,T2,MAP_GRANITE_CAVE_STEVENS_ROOM,land,night,common
ROGGENROLA,5,0,cave,T2,MAP_GRANITE_CAVE_STEVENS_ROOM,land,any,common
TINKATINK,9,0,cave,T2,MAP_GRANITE_CAVE_STEVENS_ROOM,land,any,common
TRAPINCH,3,0,cave,T2,MAP_GRANITE_CAVE_STEVENS_ROOM,land,any,common
ARROKUDA,8,0,water,T2,MAP_ROUTE105,fish,any,common
CORSOLA,2,0,water,T2,MAP_ROUTE105,fish,any,common
FEEBAS,3,0,water,T2,MAP_ROUTE105,fish,any,common
HORSEA,1,0,water,T2,MAP_ROUTE105,fish,any,common
OMANYTE,1,0,water,T2,MAP_ROUTE105,fish,any,common
SHELLDER,1,0,water,T2,MAP_ROUTE105,fish,any,common
SQUIRTLE,1,0,water,T2,MAP_ROUTE105,fish,any,common
SURSKIT,3,0,water,T2,MAP_ROUTE105,fish,any,common
TENTACOOL,1,0,water,T2,MAP_ROUTE105,fish,any,common
WOOPER,2,0,water,T2,MAP_ROUTE105,fish,any,common
CLEFFA,1,0,field,T2,MAP_ROUTE105,land,any,common
COTTONEE,5,0,field,T2,MAP_ROUTE105,land,any,common
CROAGUNK,4,0,field,T2,MAP_ROUTE105,land,any,common
ELECTRIKE,3,0,urban-electric,T2,MAP_ROUTE105,land,any,common
MEOWTH,1,0,field,T2,MAP_ROUTE105,land,any,common
MORELULL,7,0,forest,T2,MAP_ROUTE105,land,night,common
TYNAMO,5,0,urban-electric,T2,MAP_ROUTE105,land,any,common
WATTREL,9,0,urban-electric,T2,MAP_ROUTE105,land,any,common
GOLDEEN,1,0,water,T2,MAP_ROUTE106,fish,any,common
KABUTO,1,0,water,T2,MAP_ROUTE106,fish,any,common
LOTAD,3,0,water,T2,MAP_ROUTE106,fish,any,common
PSYDUCK,1,0,water,T2,MAP_ROUTE106,fish,any,common
SPHEAL,3,0,water,T2,MAP_ROUTE106,fish,any,common
BOUNSWEET,7,0,forest,T2,MAP_ROUTE106,land,any,common
EXEGGCUTE,1,0,forest,T2,MAP_ROUTE106,land,any,common
IGGLYBUFF,1,0,field,T2,MAP_ROUTE106,land,any,common
MAGNEMITE,1,0,field,T2,MAP_ROUTE106,land,any,common
MUNNA,5,0,field,T2,MAP_ROUTE106,land,any,common
PETILIL,5,0,forest,T2,MAP_ROUTE106,land,morning,common
SCATTERBUG_POKEBALL,6,0,forest,T2,MAP_ROUTE106,land,any,common
SHROODLE,9,0,field,T2,MAP_ROUTE106,land,any,common
SLAKOTH,3,0,field,T2,MAP_ROUTE106,land,any,common
SPEAROW,1,0,field,T2,MAP_ROUTE106,land,any,common
TOXEL,8,0,urban-electric,T2,MAP_ROUTE106,land,any,common
UNOWN,2,0,field,T2,MAP_ROUTE106,land,any,common
VOLBEAT,3,0,forest,T2,MAP_ROUTE106,land,any,common
STARYU,1,0,water,T2,MAP_ROUTE107,fish,any,common
WIMPOD,7,0,water,T2,MAP_ROUTE107,fish,any,common
BLITZLE,5,0,urban-electric,T2,MAP_ROUTE107,land,any,common
BURMY_PLANT,4,0,forest,T2,MAP_ROUTE107,land,any,common
EKANS,1,0,field,T2,MAP_ROUTE107,land,any,common
FARFETCHD,1,0,field,T2,MAP_ROUTE107,land,any,common
HATENNA,8,0,field,T2,MAP_ROUTE107,land,any,common
HELIOPTILE,6,0,urban-electric,T2,MAP_ROUTE107,land,any,common
ILLUMISE,3,0,forest,T2,MAP_ROUTE107,land,any,common
MANKEY,1,0,field,T2,MAP_ROUTE107,land,any,common
MAREEP,2,0,urban-electric,T2,MAP_ROUTE107,land,any,common
MINCCINO,5,0,field,T2,MAP_ROUTE107,land,any,common
RELLOR,9,0,forest,T2,MAP_ROUTE107,land,any,common
SEEDOT,3,0,forest,T2,MAP_ROUTE107,land,any,common
TYROGUE,1,0,field,T2,MAP_ROUTE107,land,any,common
WHISMUR,3,0,field,T2,MAP_ROUTE107,land,any,common
WYNAUT,2,0,field,T2,MAP_ROUTE107,land,any,common
ZUBAT,1,0,field,T2,MAP_ROUTE107,land,night,common
MAGIKARP,1,0,water,T2,MAP_ROUTE108,fish,any,common
POLIWAG,1,0,water,T2,MAP_ROUTE108,fish,any,common
SEEL,1,0,water,T2,MAP_ROUTE108,fish,any,common
WINGULL,3,0,water,T2,MAP_ROUTE108,fish,any,common
WISHIWASHI_SOLO,7,0,water,T2,MAP_ROUTE108,fish,any,common
AZURILL,2,0,field,T2,MAP_ROUTE108,land,any,common
BUDEW,3,0,forest,T2,MAP_ROUTE108,land,any,common
COMBEE,4,0,forest,T2,MAP_ROUTE108,land,morning,common
FLITTLE,9,0,field,T2,MAP_ROUTE108,land,any,common
GOSSIFLEUR,8,0,forest,T2,MAP_ROUTE108,land,any,common
GOTHITA,5,0,field,T2,MAP_ROUTE108,land,any,common
KOFFING,1,0,field,T2,MAP_ROUTE108,land,any,common
MAKUHITA,3,0,field,T2,MAP_ROUTE108,land,any,common
MILCERY,8,0,field,T2,MAP_ROUTE108,land,any,common
ODDISH,1,0,forest,T2,MAP_ROUTE108,land,any,common
PICHU,1,0,urban-electric,T2,MAP_ROUTE108,land,any,common
PINECO,2,0,forest,T2,MAP_ROUTE108,land,any,common
WOOBAT,5,0,field,T2,MAP_ROUTE108,land,any,common
BARBOACH,3,0,water,T2,MAP_ROUTE109,fish,any,common
CHEWTLE,8,0,water,T2,MAP_ROUTE109,fish,any,common
DEWPIDER,7,0,water,T2,MAP_ROUTE109,fish,any,common
TYMPOLE,5,0,water,T2,MAP_ROUTE109,fish,any,common
WIGLETT,9,0,water,T2,MAP_ROUTE109,fish,any,common
ABRA,1,0,field,T2,MAP_ROUTE109,land,any,common
CHERUBI,4,0,forest,T2,MAP_ROUTE109,land,any,common
EEVEE,1,0,field,T2,MAP_ROUTE109,land,any,common
GRIMER,1,0,field,T2,MAP_ROUTE109,land,any,common
HAPPINY,1,0,field,T2,MAP_ROUTE109,land,any,common
HOPPIP,2,0,forest,T2,MAP_ROUTE109,land,any,common
NIDORAN_F,1,0,field,T2,MAP_ROUTE109,land,any,common
PARAS,1,0,forest,T2,MAP_ROUTE109,land,any,common
RALTS,3,0,field,T2,MAP_ROUTE109,land,any,common
SKITTY,3,0,field,T2,MAP_ROUTE109,land,any,common
SMOLIV,9,0,forest,T2,MAP_ROUTE109,land,any,common
SNUBBULL,2,0,field,T2,MAP_ROUTE109,land,any,common
SOLOSIS,5,0,field,T2,MAP_ROUTE109,land,any,common
BELLSPROUT,1,0,forest,T2,MAP_ROUTE116,land,any,common
CHINGLING,3,0,field,T2,MAP_ROUTE116,land,any,common
DITTO,1,0,field,T2,MAP_ROUTE116,land,any,common
DROWZEE,1,0,field,T2,MAP_ROUTE116,land,any,common
FOMANTIS,7,0,forest,T2,MAP_ROUTE116,land,any,common
FOONGUS,5,0,forest,T2,MAP_ROUTE116,land,any,common
MEDITITE,3,0,field,T2,MAP_ROUTE116,land,any,common
NIDORAN_M,1,0,field,T2,MAP_ROUTE116,land,any,common
RIOLU,4,0,field,T2,MAP_ROUTE116,land,any,common
SHROOMISH,3,0,forest,T2,MAP_ROUTE116,land,any,common
SMEARGLE,2,0,field,T2,MAP_ROUTE116,land,any,common
SUNKERN,2,0,forest,T2,MAP_ROUTE116,land,morning,common
TADBULB,9,0,urban-electric,T2,MAP_ROUTE116,land,any,common
TOGEPI,2,0,field,T2,MAP_ROUTE116,land,any,common
VENIPEDE,5,0,forest,T2,MAP_ROUTE116,land,any,common
VENONAT,1,0,forest,T2,MAP_ROUTE116,land,any,common
YAMPER,8,0,urban-electric,T2,MAP_ROUTE116,land,any,common
BALTOY,3,0,cave,T2,MAP_RUSTURF_TUNNEL,land,any,common
CUBONE,1,0,cave,T2,MAP_RUSTURF_TUNNEL,land,any,common
ROLYCOLY,8,0,cave,T2,MAP_RUSTURF_TUNNEL,land,any,common
SANDILE,5,0,cave,T2,MAP_RUSTURF_TUNNEL,land,any,common
VAROOM,9,0,cave,T2,MAP_RUSTURF_TUNNEL,land,any,common
CHARMANDER,1,0,volcanic,T3,MAP_FIERY_PATH,land,any,common
FERROSEED,5,0,cave,T3,MAP_FIERY_PATH,land,any,common
ANORITH,3,0,cave,T3,MAP_FIERY_PATH,land,any,uncommon
ARON,3,0,cave,T3,MAP_FIERY_PATH,land,any,uncommon
DRIFLOON,4,0,night-spooky,T3,MAP_FIERY_PATH,land,night,uncommon
DRILBUR,5,0,cave,T3,MAP_FIERY_PATH,land,any,uncommon
HOUNDOUR,2,0,volcanic,T3,MAP_FIERY_PATH,land,any,uncommon
LITLEO,6,0,volcanic,T3,MAP_FIERY_PATH,land,any,uncommon
MASCHIFF,9,0,night-spooky,T3,MAP_FIERY_PATH,land,night,uncommon
ONIX,1,0,cave,T3,MAP_FIERY_PATH,land,any,uncommon
PUMPKABOO_AVERAGE,6,0,night-spooky,T3,MAP_FIERY_PATH,land,night,uncommon
SILICOBRA,8,0,cave,T3,MAP_FIERY_PATH,land,any,uncommon
MUDKIP,3,0,water,T3,MAP_METEOR_FALLS_1F_1R,fish,any,common
KRABBY,1,0,water,T3,MAP_METEOR_FALLS_1F_1R,fish,any,uncommon
LUVDISC,3,0,water,T3,MAP_METEOR_FALLS_1F_1R,fish,any,uncommon
TOTODILE,2,0,water,T3,MAP_METEOR_FALLS_1F_1R,fish,any,uncommon
LITWICK,5,0,volcanic,T3,MAP_METEOR_FALLS_1F_1R,land,any,common
SIZZLIPEDE,8,0,volcanic,T3,MAP_METEOR_FALLS_1F_1R,land,any,common
DWEBBLE,5,0,cave,T3,MAP_METEOR_FALLS_1F_1R,land,any,uncommon
HONEDGE,6,0,cave,T3,MAP_METEOR_FALLS_1F_1R,land,any,uncommon
LITTEN,7,0,volcanic,T3,MAP_METEOR_FALLS_1F_1R,land,any,uncommon
STUNKY,4,0,night-spooky,T3,MAP_METEOR_FALLS_1F_1R,land,night,uncommon
TOEDSCOOL,9,0,cave,T3,MAP_METEOR_FALLS_1F_1R,land,any,uncommon
BINACLE,6,0,water,T3,MAP_METEOR_FALLS_1F_2R,fish,any,common
CARVANHA,3,0,water,T3,MAP_METEOR_FALLS_1F_2R,fish,any,common
CHINCHOU,2,0,water,T3,MAP_METEOR_FALLS_1F_2R,fish,any,uncommon
POPPLIO,7,0,water,T3,MAP_METEOR_FALLS_1F_2R,fish,any,uncommon
CHIMCHAR,4,0,volcanic,T3,MAP_METEOR_FALLS_1F_2R,land,any,common
GOLETT,5,0,cave,T3,MAP_METEOR_FALLS_1F_2R,land,any,common
SINISTEA_PHONY,8,0,night-spooky,T3,MAP_METEOR_FALLS_1F_2R,land,night,common
VULPIX,1,0,volcanic,T3,MAP_METEOR_FALLS_1F_2R,land,any,common
GLIMMET,9,0,cave,T3,MAP_METEOR_FALLS_1F_2R,land,any,uncommon
HIPPOPOTAS,4,0,cave,T3,MAP_METEOR_FALLS_1F_2R,land,any,uncommon
RHYHORN,1,0,cave,T3,MAP_METEOR_FALLS_1F_2R,land,any,uncommon
SCRAGGY,5,0,night-spooky,T3,MAP_METEOR_FALLS_1F_2R,land,night,uncommon
MAREANIE,7,0,water,T3,MAP_METEOR_FALLS_B1F_1R,fish,any,common
FINNEON,4,0,water,T3,MAP_METEOR_FALLS_B1F_1R,fish,any,uncommon
PIPLUP,4,0,water,T3,MAP_METEOR_FALLS_B1F_1R,fish,any,uncommon
QWILFISH,2,0,water,T3,MAP_METEOR_FALLS_B1F_1R,fish,any,uncommon
SKRELP,6,0,water,T3,MAP_METEOR_FALLS_B1F_1R,fish,any,uncommon
NUMEL,3,0,cave,T3,MAP_METEOR_FALLS_B1F_1R,land,any,common
POLTCHAGEIST_COUNTERFEIT,9,0,night-spooky,T3,MAP_METEOR_FALLS_B1F_1R,land,night,common
YAMASK,5,0,night-spooky,T3,MAP_METEOR_FALLS_B1F_1R,land,night,common
CUFANT,8,0,cave,T3,MAP_METEOR_FALLS_B1F_1R,land,any,uncommon
MAGBY,1,0,volcanic,T3,MAP_METEOR_FALLS_B1F_1R,land,any,uncommon
PAWNIARD,5,0,cave,T3,MAP_METEOR_FALLS_B1F_1R,land,any,uncommon
CORPHISH,3,0,water,T3,MAP_METEOR_FALLS_B1F_2R,fish,any,common
CLAUNCHER,6,0,water,T3,MAP_METEOR_FALLS_B1F_2R,fish,any,uncommon
MANTYKE,2,0,water,T3,MAP_METEOR_FALLS_B1F_2R,fish,any,uncommon
TIRTOUGA,5,0,water,T3,MAP_METEOR_FALLS_B1F_2R,fish,any,uncommon
CYNDAQUIL,2,0,volcanic,T3,MAP_METEOR_FALLS_B1F_2R,land,any,common
FUECOCO,9,0,volcanic,T3,MAP_METEOR_FALLS_B1F_2R,land,any,common
TEPIG,5,0,volcanic,T3,MAP_METEOR_FALLS_B1F_2R,land,any,common
CRANIDOS,4,0,cave,T3,MAP_METEOR_FALLS_B1F_2R,land,any,uncommon
LARVESTA,5,0,volcanic,T3,MAP_METEOR_FALLS_B1F_2R,land,any,uncommon
SALANDIT,7,0,volcanic,T3,MAP_METEOR_FALLS_B1F_2R,land,any,uncommon
CHARCADET,9,0,volcanic,T3,MAP_METEOR_FALLS_STEVENS_CAVE,land,any,common
FENNEKIN,6,0,volcanic,T3,MAP_METEOR_FALLS_STEVENS_CAVE,land,any,common
PHANTUMP,6,0,night-spooky,T3,MAP_METEOR_FALLS_STEVENS_CAVE,land,night,common
SLUGMA,2,0,volcanic,T3,MAP_METEOR_FALLS_STEVENS_CAVE,land,any,common
LILEEP,3,0,cave,T3,MAP_METEOR_FALLS_STEVENS_CAVE,land,any,uncommon
PANSEAR,5,0,volcanic,T3,MAP_METEOR_FALLS_STEVENS_CAVE,land,any,uncommon
PHANPY,2,0,cave,T3,MAP_METEOR_FALLS_STEVENS_CAVE,land,any,uncommon
SANDYGAST,7,0,cave,T3,MAP_METEOR_FALLS_STEVENS_CAVE,land,any,uncommon
SHIELDON,4,0,cave,T3,MAP_METEOR_FALLS_STEVENS_CAVE,land,any,uncommon
ZORUA,5,0,night-spooky,T3,MAP_METEOR_FALLS_STEVENS_CAVE,land,night,uncommon
CLOBBOPUS,8,0,field,T3,MAP_ROUTE110,land,any,common
DODUO,1,0,field,T3,MAP_ROUTE110,land,any,common
GULPIN,3,0,field,T3,MAP_ROUTE110,land,any,common
SNIVY,5,0,forest,T3,MAP_ROUTE110,land,any,common
BULBASAUR,1,0,forest,T3,MAP_ROUTE110,land,any,uncommon
CHIKORITA,2,0,forest,T3,MAP_ROUTE110,land,any,uncommon
CRABRAWLER,7,0,field,T3,MAP_ROUTE110,land,any,uncommon
ELGYEM,5,0,field,T3,MAP_ROUTE110,land,any,uncommon
SKIDDO,6,0,forest,T3,MAP_ROUTE110,land,any,uncommon
TRUBBISH,5,0,field,T3,MAP_ROUTE110,land,any,uncommon
TURTWIG,4,0,forest,T3,MAP_ROUTE110,land,any,uncommon
DUCKLETT,5,0,water,T3,MAP_ROUTE111,fish,any,common
OSHAWOTT,5,0,water,T3,MAP_ROUTE111,fish,any,common
BUIZEL,4,0,water,T3,MAP_ROUTE111,fish,any,uncommon
CUTIEFLY,7,0,forest,T3,MAP_ROUTE111,land,night,common
GROWLITHE,1,0,volcanic,T3,MAP_ROUTE111,land,any,common
SHELMET,5,0,forest,T3,MAP_ROUTE111,land,any,common
SPRIGATITO,9,0,forest,T3,MAP_ROUTE111,land,any,common
NATU,2,0,field,T3,MAP_ROUTE111,land,any,uncommon
PANCHAM,6,0,field,T3,MAP_ROUTE111,land,any,uncommon
SPOINK,3,0,field,T3,MAP_ROUTE111,land,any,uncommon
VOLTORB,1,0,urban-electric,T3,MAP_ROUTE111,land,any,uncommon
LICKITUNG,1,0,field,T3,MAP_ROUTE112,land,any,common
MACHOP,1,0,field,T3,MAP_ROUTE112,land,any,common
TANDEMAUS,9,0,field,T3,MAP_ROUTE112,land,any,common
AIPOM,2,0,field,T3,MAP_ROUTE112,land,any,uncommon
BUNEARY,4,0,field,T3,MAP_ROUTE112,land,any,uncommon
DEERLING_SPRING,5,0,forest,T3,MAP_ROUTE112,land,any,uncommon
ESPURR,6,0,field,T3,MAP_ROUTE112,land,any,uncommon
MIENFOO,5,0,field,T3,MAP_ROUTE112,land,any,uncommon
PANSAGE,5,0,forest,T3,MAP_ROUTE112,land,any,uncommon
SPINDA,3,0,field,T3,MAP_ROUTE112,land,any,uncommon
STUFFUL,7,0,field,T3,MAP_ROUTE112,land,any,uncommon
CAPSAKID,9,0,forest,T3,MAP_ROUTE113,land,any,common
GLAMEOW,4,0,field,T3,MAP_ROUTE113,land,any,common
GROOKEY,8,0,forest,T3,MAP_ROUTE113,land,any,common
MIME_JR,1,0,field,T3,MAP_ROUTE113,land,any,common
TIMBURR,5,0,field,T3,MAP_ROUTE113,land,any,common
CACNEA,3,0,forest,T3,MAP_ROUTE113,land,any,uncommon
KARRABLAST,5,0,forest,T3,MAP_ROUTE113,land,any,uncommon
RUFFLET,5,0,field,T3,MAP_ROUTE113,land,any,uncommon
SPRITZEE,6,0,field,T3,MAP_ROUTE113,land,any,uncommon
TEDDIURSA,2,0,field,T3,MAP_ROUTE113,land,any,uncommon
QUAXLY,9,0,water,T3,MAP_ROUTE114,fish,any,common
FRILLISH,5,0,water,T3,MAP_ROUTE114,fish,any,uncommon
PANPOUR,5,0,water,T3,MAP_ROUTE114,fish,any,uncommon
SHELLOS_WEST,4,0,water,T3,MAP_ROUTE114,fish,any,uncommon
SLOWPOKE,1,0,water,T3,MAP_ROUTE114,fish,any,uncommon
SCORBUNNY,8,0,volcanic,T3,MAP_ROUTE114,land,any,common
SWABLU,3,0,field,T3,MAP_ROUTE114,land,any,common
TREECKO,3,0,forest,T3,MAP_ROUTE114,land,any,common
CHESPIN,6,0,forest,T3,MAP_ROUTE114,land,any,uncommon
ELEKID,1,0,urban-electric,T3,MAP_ROUTE114,land,any,uncommon
SWIRLIX,6,0,field,T3,MAP_ROUTE114,land,any,uncommon
SOBBLE,8,0,water,T3,MAP_ROUTE117,fish,any,common
CLAMPERL,3,0,water,T3,MAP_ROUTE117,fish,any,uncommon
FINIZEN,9,0,water,T3,MAP_ROUTE117,fish,any,uncommon
FROAKIE,6,0,water,T3,MAP_ROUTE117,fish,any,uncommon
PORYGON,1,0,field,T3,MAP_ROUTE117,land,any,common
TORCHIC,3,0,volcanic,T3,MAP_ROUTE117,land,any,common
DARUMAKA,5,0,volcanic,T3,MAP_ROUTE117,land,any,uncommon
JOLTIK,5,0,urban-electric,T3,MAP_ROUTE117,land,any,uncommon
ROWLET,7,0,forest,T3,MAP_ROUTE117,land,any,uncommon
SKORUPI,4,0,forest,T3,MAP_ROUTE117,land,any,uncommon
GLIGAR,2,0,cave,T4,MAP_JAGGED_PASS,land,any,rare
PUPITAR,2,1,cave,T4,MAP_JAGGED_PASS,land,any,rare
ZWEILOUS,5,1,night-spooky,T4,MAP_JAGGED_PASS,land,night,rare
TYRUNT,6,0,cave,T4,MAP_JAGGED_PASS,land,any,uncommon
HAKAMO_O,7,1,dragon,T4,MAP_MT_PYRE_1F,land,any,rare
LINOONE_GALAR,3,1,night-spooky,T4,MAP_MT_PYRE_1F,land,night,rare
AMAURA,6,0,cave,T4,MAP_MT_PYRE_1F,land,any,uncommon
NOSEPASS,3,0,cave,T4,MAP_MT_PYRE_1F,land,any,uncommon
METANG,3,1,cave,T4,MAP_MT_PYRE_2F,land,any,rare
RABOOT,8,1,volcanic,T4,MAP_MT_PYRE_2F,land,any,rare
MUDBRAY,7,0,cave,T4,MAP_MT_PYRE_2F,land,any,uncommon
SABLEYE,3,0,night-spooky,T4,MAP_MT_PYRE_2F,land,night,uncommon
CARKOL,8,1,cave,T4,MAP_MT_PYRE_3F,land,any,rare
MONFERNO,4,1,volcanic,T4,MAP_MT_PYRE_3F,land,any,rare
PONYTA,1,0,volcanic,T4,MAP_MT_PYRE_3F,land,any,rare
MAWILE,3,0,cave,T4,MAP_MT_PYRE_3F,land,any,uncommon
DRAKLOAK,8,1,night-spooky,T4,MAP_MT_PYRE_4F,land,night,rare
GABITE,4,1,cave,T4,MAP_MT_PYRE_4F,land,any,rare
GRAVELER,1,1,cave,T4,MAP_MT_PYRE_4F,land,any,uncommon
LUNATONE,3,0,cave,T4,MAP_MT_PYRE_4F,land,any,uncommon
CROCALOR,9,1,volcanic,T4,MAP_MT_PYRE_5F,land,any,rare
PIGNITE,5,1,volcanic,T4,MAP_MT_PYRE_5F,land,any,rare
TAUROS_PALDEA_BLAZE,1,0,volcanic,T4,MAP_MT_PYRE_5F,land,any,rare
GRAVELER_ALOLA,1,1,cave,T4,MAP_MT_PYRE_5F,land,any,uncommon
SOLROCK,3,0,cave,T4,MAP_MT_PYRE_5F,land,any,uncommon
ARCHEN,5,0,cave,T4,MAP_MT_PYRE_6F,land,any,rare
BOLDORE,5,1,cave,T4,MAP_MT_PYRE_6F,land,any,uncommon
MAGMAR,1,1,volcanic,T4,MAP_MT_PYRE_6F,land,any,uncommon
TINKATUFF,9,1,cave,T4,MAP_MT_PYRE_6F,land,any,uncommon
ARCTIBAX,9,1,ice,T4,MAP_MT_PYRE_EXTERIOR,land,any,rare
DRAGONAIR,1,1,dragon,T4,MAP_MT_PYRE_EXTERIOR,land,any,rare
VANILLISH,5,1,ice,T4,MAP_MT_PYRE_EXTERIOR,land,any,uncommon
FRAXURE,5,1,dragon,T4,MAP_MT_PYRE_SUMMIT,land,any,rare
MURKROW,2,0,night-spooky,T4,MAP_MT_PYRE_SUMMIT,land,night,rare
QUILAVA,2,1,volcanic,T4,MAP_MT_PYRE_SUMMIT,land,any,rare
VULLABY,5,0,night-spooky,T4,MAP_MT_PYRE_SUMMIT,land,night,uncommon
GROTLE,4,1,forest,T4,MAP_ROUTE115,land,any,rare
PACHIRISU,4,0,urban-electric,T4,MAP_ROUTE115,land,any,rare
PRIMEAPE,1,1,field,T4,MAP_ROUTE115,land,any,uncommon
BRIONNE,7,1,water,T4,MAP_ROUTE115,water,any,rare
CHATOT,4,0,field,T4,MAP_ROUTE118,land,any,rare
CHARJABUG,7,1,urban-electric,T4,MAP_ROUTE118,land,any,uncommon
PRINPLUP,4,1,water,T4,MAP_ROUTE118,water,any,rare
POLIWHIRL,1,1,water,T4,MAP_ROUTE118,water,any,uncommon
EMOLGA,5,0,urban-electric,T4,MAP_ROUTE119,land,any,rare
SERVINE,5,1,forest,T4,MAP_ROUTE119,land,any,rare
THWACKEY,8,1,forest,T4,MAP_ROUTE119,land,any,rare
MAGNETON,1,1,field,T4,MAP_ROUTE119,land,any,uncommon
TANGELA,1,0,forest,T4,MAP_ROUTE119,land,any,uncommon
CHANSEY,1,1,field,T4,MAP_ROUTE120,land,any,rare
HEATMOR,5,0,volcanic,T4,MAP_ROUTE120,land,any,rare
KANGASKHAN,1,0,field,T4,MAP_ROUTE120,land,any,rare
DEWOTT,5,1,water,T4,MAP_ROUTE120,water,any,rare
DRIZZILE,8,1,water,T4,MAP_ROUTE120,water,any,rare
FLORAGATO,9,1,forest,T4,MAP_ROUTE121,land,any,rare
GURDURR,5,1,field,T4,MAP_ROUTE121,land,any,rare
SCYTHER,1,0,forest,T4,MAP_ROUTE121,land,any,rare
SPEWPA_POKEBALL,6,0,forest,T4,MAP_ROUTE121,land,any,rare
SEADRA,1,1,water,T4,MAP_ROUTE121,water,any,uncommon
PINSIR,1,0,forest,T4,MAP_SAFARI_ZONE_CENTER,land,any,rare
ELECTABUZZ,1,1,urban-electric,T4,MAP_SAFARI_ZONE_CENTER,land,any,uncommon
FLABEBE_WHITE,6,0,field,T4,MAP_SAFARI_ZONE_CENTER,land,any,uncommon
QUAXWELL,9,1,water,T4,MAP_SAFARI_ZONE_CENTER,water,any,rare
PALPITOAD,5,1,water,T4,MAP_SAFARI_ZONE_CENTER,water,any,uncommon
BAYLEEF,2,1,forest,T4,MAP_SAFARI_ZONE_EAST,land,any,rare
MUNCHLAX,1,0,field,T4,MAP_SAFARI_ZONE_EAST,land,any,uncommon
SWADLOON,5,1,forest,T4,MAP_SAFARI_ZONE_EAST,land,any,uncommon
ORICORIO_BAILE,7,0,volcanic,T4,MAP_SAFARI_ZONE_NORTH,land,any,rare
TOGETIC,2,1,field,T4,MAP_SAFARI_ZONE_NORTH,land,any,rare
GOTHORITA,5,1,field,T4,MAP_SAFARI_ZONE_NORTH,land,any,uncommon
YANMA,2,0,forest,T4,MAP_SAFARI_ZONE_NORTH,land,any,uncommon
DUNSPARCE,2,0,field,T4,MAP_SAFARI_ZONE_NORTHEAST,land,any,rare
EELEKTRIK,5,1,urban-electric,T4,MAP_SAFARI_ZONE_NORTHEAST,land,any,rare
GROVYLE,3,1,forest,T4,MAP_SAFARI_ZONE_NORTHEAST,land,any,rare
TURTONATOR,7,0,volcanic,T4,MAP_SAFARI_ZONE_NORTHEAST,land,any,rare
PLUSLE,3,0,urban-electric,T4,MAP_SAFARI_ZONE_NORTHWEST,land,any,rare
QUILLADIN,6,1,forest,T4,MAP_SAFARI_ZONE_NORTHWEST,land,any,rare
CROCONAW,2,1,water,T4,MAP_SAFARI_ZONE_NORTHWEST,water,any,rare
PYUKUMUKU,7,0,water,T4,MAP_SAFARI_ZONE_NORTHWEST,water,any,rare
BRAIXEN,6,1,volcanic,T4,MAP_SAFARI_ZONE_NORTH_FRLG,land,any,rare
COMBUSKEN,3,1,volcanic,T4,MAP_SAFARI_ZONE_NORTH_FRLG,land,any,rare
MINUN,3,0,urban-electric,T4,MAP_SAFARI_ZONE_NORTH_FRLG,land,any,rare
SQUAWKABILLY_GREEN,9,0,field,T4,MAP_SAFARI_ZONE_SOUTH,land,any,rare
TORKOAL,3,0,volcanic,T4,MAP_SAFARI_ZONE_SOUTH,land,any,rare
FLETCHINDER,6,1,volcanic,T4,MAP_SAFARI_ZONE_SOUTH,land,any,uncommon
ROSELIA,3,1,forest,T4,MAP_SAFARI_ZONE_SOUTH,land,any,uncommon
FROGADIER,6,1,water,T4,MAP_SAFARI_ZONE_SOUTHEAST,water,any,rare
MARSHTOMP,3,1,water,T4,MAP_SAFARI_ZONE_SOUTHEAST,water,any,rare
WAILMER,3,0,water,T4,MAP_SAFARI_ZONE_SOUTHEAST,water,any,uncommon
CASTFORM_NORMAL,3,0,field,T4,MAP_SAFARI_ZONE_SOUTHWEST,land,any,rare
DARTRIX,7,1,forest,T4,MAP_SAFARI_ZONE_SOUTHWEST,land,any,rare
IVYSAUR,1,1,forest,T4,MAP_SAFARI_ZONE_SOUTHWEST,land,any,rare
SEALEO,3,1,water,T4,MAP_SAFARI_ZONE_SOUTHWEST,water,any,rare
SHELGON,3,1,dragon,T4,MAP_SAFARI_ZONE_WEST,land,any,rare
TORRACAT,7,1,volcanic,T4,MAP_SAFARI_ZONE_WEST,land,any,rare
GOLBAT,1,1,field,T4,MAP_SAFARI_ZONE_WEST,land,any,uncommon
VULPIX_ALOLA,1,0,ice,T5,MAP_ROUTE122,land,any,common
ACCELGOR,5,0,forest,T5,MAP_ROUTE122,land,any,rare
INDEEDEE_M,8,0,field,T5,MAP_ROUTE122,land,any,rare
ZANGOOSE,3,0,field,T5,MAP_ROUTE122,land,any,rare
SMOOCHUM,1,0,ice,T5,MAP_ROUTE123,land,any,common
BOUFFALANT,5,0,field,T5,MAP_ROUTE123,land,any,rare
FLAMIGO,9,0,field,T5,MAP_ROUTE123,land,any,rare
SEVIPER,3,0,field,T5,MAP_ROUTE123,land,any,rare
FLOETTE_ETERNAL,6,0,field,T5,MAP_ROUTE124,land,any,rare
KECLEON,3,0,field,T5,MAP_ROUTE124,land,any,rare
TAUROS,1,0,field,T5,MAP_ROUTE124,land,any,rare
TATSUGIRI_CURLY,9,0,water,T5,MAP_ROUTE124,water,any,rare
HAWLUCHA,6,0,field,T5,MAP_ROUTE125,land,any,rare
PORYGON2,1,1,field,T5,MAP_ROUTE125,land,any,rare
TROPIUS,3,0,forest,T5,MAP_ROUTE125,land,any,rare
CARNIVINE,4,0,forest,T5,MAP_ROUTE126,land,any,rare
DEDENNE,6,0,urban-electric,T5,MAP_ROUTE126,land,any,rare
URSARING,2,1,field,T5,MAP_ROUTE126,land,any,rare
COMFEY,7,0,field,T5,MAP_ROUTE127,land,any,rare
ROTOM,4,0,field,T5,MAP_ROUTE127,land,any,rare
VIGOROTH,3,1,field,T5,MAP_ROUTE127,land,any,rare
LAPRAS,1,0,water,T5,MAP_ROUTE127,water,any,rare
AUDINO,5,0,field,T5,MAP_ROUTE128,land,any,rare
GIRAFARIG,2,0,field,T5,MAP_ROUTE128,land,any,rare
ORANGURU,7,0,field,T5,MAP_ROUTE128,land,any,rare
SLIGGOO,6,1,dragon,T5,MAP_ROUTE128,land,any,rare
DIPPLIN,8,1,dragon,T5,MAP_ROUTE129,land,any,rare
HERACROSS,2,0,forest,T5,MAP_ROUTE129,land,any,rare
PASSIMIAN,7,0,field,T5,MAP_ROUTE129,land,any,rare
THROH,5,0,field,T5,MAP_ROUTE129,land,any,rare
KOMALA,7,0,field,T5,MAP_ROUTE130,land,any,rare
SAWK,5,0,field,T5,MAP_ROUTE130,land,any,rare
SNEASEL,2,0,ice,T5,MAP_ROUTE130,land,any,rare
MARACTUS,5,0,forest,T5,MAP_ROUTE131,land,any,rare
CRAMORANT,8,0,water,T5,MAP_ROUTE131,water,any,rare
FALINKS,8,0,field,T5,MAP_ROUTE132,land,any,rare
SIGILYPH,5,0,field,T5,MAP_ROUTE132,land,any,rare
DELIBIRD,2,0,ice,T5,MAP_ROUTE132,land,any,uncommon
VANILLITE,5,0,ice,T5,MAP_ROUTE133,land,any,common
PINCURCHIN,8,0,urban-electric,T5,MAP_ROUTE133,land,any,rare
STANTLER,2,0,field,T5,MAP_ROUTE133,land,any,rare
EISCUE_ICE,8,0,ice,T5,MAP_ROUTE134,land,any,rare
MILTANK,2,0,field,T5,MAP_ROUTE134,land,any,rare
ALOMOMOLA,5,0,water,T5,MAP_ROUTE134,water,any,rare
AERODACTYL,1,0,cave,T5,MAP_SEAFLOOR_CAVERN_ENTRANCE,land,any,rare
DOUBLADE,6,1,cave,T5,MAP_SEAFLOOR_CAVERN_ENTRANCE,land,any,rare
ESCAVALIER,5,0,cave,T5,MAP_SEAFLOOR_CAVERN_ENTRANCE,land,any,rare
MORPEKO_FULL_BELLY,8,0,night-spooky,T5,MAP_SEAFLOOR_CAVERN_ENTRANCE,land,night,rare
DRACOZOLT,8,0,dragon,T5,MAP_SEAFLOOR_CAVERN_ROOM1,land,any,rare
MISDREAVUS,2,0,night-spooky,T5,MAP_SEAFLOOR_CAVERN_ROOM1,land,night,rare
SLIGGOO_HISUI,6,1,cave,T5,MAP_SEAFLOOR_CAVERN_ROOM1,land,any,rare
AXEW,5,0,dragon,T5,MAP_SEAFLOOR_CAVERN_ROOM1,land,any,uncommon
CUBCHOO,5,0,ice,T5,MAP_SEAFLOOR_CAVERN_ROOM2,land,any,common
ARCTOZOLT,8,0,ice,T5,MAP_SEAFLOOR_CAVERN_ROOM2,land,any,rare
DURALUDON,8,0,cave,T5,MAP_SEAFLOOR_CAVERN_ROOM3,land,any,rare
SHUCKLE,2,0,cave,T5,MAP_SEAFLOOR_CAVERN_ROOM3,land,any,rare
CRYOGONAL,5,0,ice,T5,MAP_SEAFLOOR_CAVERN_ROOM3,land,any,uncommon
KLAWF,9,0,cave,T5,MAP_SEAFLOOR_CAVERN_ROOM4,land,any,rare
STUNFISK,5,0,cave,T5,MAP_SEAFLOOR_CAVERN_ROOM4,land,any,rare
BOMBIRDIER,9,0,night-spooky,T5,MAP_SEAFLOOR_CAVERN_ROOM5,land,night,rare
DRUDDIGON,5,0,dragon,T5,MAP_SEAFLOOR_CAVERN_ROOM5,land,any,rare
SKARMORY,2,0,cave,T5,MAP_SEAFLOOR_CAVERN_ROOM5,land,any,rare
DURANT,5,0,cave,T5,MAP_SEAFLOOR_CAVERN_ROOM6,land,any,rare
DRACOVISH,8,0,water,T5,MAP_SEAFLOOR_CAVERN_ROOM6,water,any,rare
ARCTOVISH,8,0,water,T5,MAP_SEAFLOOR_CAVERN_ROOM7,water,any,rare
ABSOL,3,0,night-spooky,T5,MAP_SEAFLOOR_CAVERN_ROOM8,land,night,rare
CARBINK,6,0,cave,T5,MAP_SEAFLOOR_CAVERN_ROOM8,land,any,rare
CYCLIZAR,9,0,dragon,T5,MAP_SEAFLOOR_CAVERN_ROOM8,land,any,rare
SNORUNT,3,0,ice,T5,MAP_SHOAL_CAVE_LOW_TIDE_ENTRANCE_ROOM,land,any,common
KLEFKI,6,0,cave,T5,MAP_SHOAL_CAVE_LOW_TIDE_ENTRANCE_ROOM,land,any,rare
ORTHWORM,9,0,cave,T5,MAP_SHOAL_CAVE_LOW_TIDE_ENTRANCE_ROOM,land,any,rare
BERGMITE,6,0,ice,T5,MAP_SHOAL_CAVE_LOW_TIDE_ICE_ROOM,land,any,common
CETODDLE,9,0,ice,T5,MAP_SHOAL_CAVE_LOW_TIDE_ICE_ROOM,land,any,uncommon
NOIBAT,6,0,dragon,T5,MAP_SHOAL_CAVE_LOW_TIDE_INNER_ROOM,land,night,common
RELICANTH,3,0,water,T5,MAP_SHOAL_CAVE_LOW_TIDE_INNER_ROOM,water,any,rare
VELUZA,9,0,water,T5,MAP_SHOAL_CAVE_LOW_TIDE_INNER_ROOM,water,any,rare
RHYDON,1,1,cave,T5,MAP_SHOAL_CAVE_LOW_TIDE_LOWER_ROOM,land,any,rare
SPIRITOMB,4,0,night-spooky,T5,MAP_SHOAL_CAVE_LOW_TIDE_LOWER_ROOM,land,night,rare
TOGEDEMARU,7,0,cave,T5,MAP_SHOAL_CAVE_LOW_TIDE_LOWER_ROOM,land,any,rare
MIMIKYU_DISGUISED,7,0,night-spooky,T5,MAP_SHOAL_CAVE_LOW_TIDE_STAIRS_ROOM,land,night,rare
MR_MIME_GALAR,1,1,ice,T5,MAP_SHOAL_CAVE_LOW_TIDE_STAIRS_ROOM,land,any,rare
DRAMPA,7,0,dragon,T5,MAP_VICTORY_ROAD_1F,land,any,rare
PILOSWINE,2,1,cave,T5,MAP_VICTORY_ROAD_1F,land,any,rare
SNOVER,4,0,ice,T5,MAP_VICTORY_ROAD_1F,land,any,uncommon
DHELMISE,7,0,night-spooky,T5,MAP_VICTORY_ROAD_1F_FRLG,land,night,rare
LAIRON,3,1,cave,T5,MAP_VICTORY_ROAD_1F_FRLG,land,any,rare
DARUMAKA_GALAR,5,0,ice,T5,MAP_VICTORY_ROAD_1F_FRLG,land,any,uncommon
APPLIN,8,0,dragon,T5,MAP_VICTORY_ROAD_2F,land,any,common
DARMANITAN_GALAR_ZEN,5,0,ice,T5,MAP_VICTORY_ROAD_2F,land,any,rare
DUSCLOPS,3,1,night-spooky,T5,MAP_VICTORY_ROAD_2F,land,night,rare
SNOM,8,0,ice,T5,MAP_VICTORY_ROAD_3F,land,any,common
KLANG,5,1,cave,T5,MAP_VICTORY_ROAD_3F,land,any,rare
BISHARP,5,1,cave,T5,MAP_VICTORY_ROAD_B1F,land,any,rare
STONJOURNER,8,0,cave,T5,MAP_VICTORY_ROAD_B1F,land,any,rare
BASCULIN_RED_STRIPED,5,0,water,T5,MAP_VICTORY_ROAD_B2F,water,any,rare
BRUXISH,7,0,water,T5,MAP_VICTORY_ROAD_B2F,water,any,rare
DONDOZO,9,0,water,T5,MAP_VICTORY_ROAD_B2F,water,any,rare
